{"cameraMode":{"drawMode":0,"name":"Shaded","section":"Shading Mode"},"sceneLighting":true,"audioPlay":false,"sceneViewState":{"showFog":true,"showMaterialUpdate":false,"showSkybox":true,"showFlares":true,"showImageEffects":true,"showParticleSystems":true},"in2DMode":false,"pivot":{"x":1541.171630859375,"y":1210.6556396484375,"z":302.6772766113281},"rotation":{"x":-0.29246029257774355,"y":0.6224534511566162,"z":-0.27016782760620119,"w":-0.6738154292106628},"size":21.784128189086915,"orthographic":false}