{"cameraMode":{"drawMode":0,"name":"Shaded","section":"Shading Mode"},"sceneLighting":true,"audioPlay":false,"sceneViewState":{"showFog":true,"showMaterialUpdate":false,"showSkybox":true,"showFlares":true,"showImageEffects":true,"showParticleSystems":true},"in2DMode":false,"pivot":{"x":1593.412353515625,"y":1198.2806396484375,"z":254.98013305664063},"rotation":{"x":-0.17264863848686219,"y":0.8128705024719238,"z":-0.29931172728538515,"w":-0.468877911567688},"size":101.70269012451172,"orthographic":false}