{"cameraMode":{"drawMode":0,"name":"Shaded","section":"Shading Mode"},"sceneLighting":false,"audioPlay":false,"sceneViewState":{"showFog":true,"showMaterialUpdate":false,"showSkybox":false,"showFlares":true,"showImageEffects":true,"showParticleSystems":true},"in2DMode":false,"pivot":{"x":-4.0,"y":0.859671413898468,"z":-2.9802322387695315e-8},"rotation":{"x":0.4372701942920685,"y":-0.049874305725097659,"z":0.024295145645737649,"w":0.8976174592971802},"size":9.65097713470459,"orthographic":false}