{"cameraMode":{"drawMode":0,"name":"Shaded","section":"Shading Mode"},"sceneLighting":true,"audioPlay":false,"sceneViewState":{"showFog":true,"showMaterialUpdate":false,"showSkybox":true,"showFlares":true,"showImageEffects":true,"showParticleSystems":true},"in2DMode":false,"pivot":{"x":10.0,"y":2.579014539718628,"z":-21.600000381469728},"rotation":{"x":-0.2488151490688324,"y":-0.0789155587553978,"z":0.02034575864672661,"w":-0.9651163220405579},"size":10.756207466125489,"orthographic":false}