{"cameraMode":{"drawMode":0,"name":"Shaded","section":"Shading Mode"},"sceneLighting":false,"audioPlay":false,"sceneViewState":{"showFog":true,"showMaterialUpdate":false,"showSkybox":false,"showFlares":true,"showImageEffects":true,"showParticleSystems":true},"in2DMode":false,"pivot":{"x":481.3916015625,"y":-15.973369598388672,"z":481.3917236328125},"rotation":{"x":-0.3639666736125946,"y":-0.11053554713726044,"z":0.043550100177526477,"w":-0.9238038659095764},"size":3210.46240234375,"orthographic":false}